{
  "iteration": [
    0,
    1,
    2,
    3,
    4,
    5,
    6,
    7,
    8,
    9,
    10,
    11,
    12,
    13,
    14,
    15,
    16,
    17,
    18,
    19,
    20,
    21,
    22,
    23,
    24,
    25,
    26,
    27,
    28,
    29,
    30,
    31,
    32,
    33,
    34,
    35,
    36,
    37,
    38,
    39,
    40,
    41,
    42,
    43,
    44,
    45,
    46,
    47,
    48,
    49
  ],
  "coverage": [
    0.0092,
    0.0116,
    0.016,
    0.0244,
    0.0284,
    0.03,
    0.0332,
    0.0336,
    0.034,
    0.0352,
    0.0356,
    0.036,
    0.036,
    0.036,
    0.0364,
    0.0372,
    0.0372,
    0.0376,
    0.0376,
    0.038,
    0.0384,
    0.0384,
    0.0388,
    0.0392,
    0.0392,
    0.0392,
    0.0392,
    0.0392,
    0.0396,
    0.0396,
    0.0396,
    0.0396,
    0.0396,
    0.0396,
    0.0396,
    0.0396,
    0.0396,
    0.0396,
    0.0396,
    0.0396,
    0.04,
    0.04,
    0.0404,
    0.0408,
    0.0408,
    0.0408,
    0.0408,
    0.0408,
    0.0408,
    0.0408
  ],
  "qd_score": [
    12.329,
    16.075,
    22.424,
    34.552,
    40.951,
    44.42,
    49.854,
    51.341,
    52.812,
    54.955,
    55.907,
    57.084999999999994,
    57.461999999999996,
    58.230999999999995,
    59.33299999999999,
    60.76199999999999,
    61.038999999999994,
    61.88499999999999,
    62.18299999999999,
    62.919999999999995,
    63.708999999999996,
    64.191,
    65.038,
    65.725,
    65.972,
    66.017,
    66.158,
    66.224,
    66.962,
    67.054,
    67.065,
    67.18299999999999,
    67.21,
    67.261,
    67.434,
    67.67099999999999,
    68.068,
    68.068,
    68.188,
    68.249,
    68.83099999999999,
    68.85499999999999,
    69.42899999999999,
    69.96399999999998,
    70.07399999999998,
    70.07399999999998,
    70.10899999999998,
    70.11899999999999,
    70.13199999999999,
    70.22699999999999
  ],
  "best_fitness": [
    0.636,
    0.663,
    0.728,
    0.728,
    0.728,
    0.728,
    0.729,
    0.729,
    0.729,
    0.753,
    0.76,
    0.76,
    0.76,
    0.794,
    0.801,
    0.801,
    0.801,
    0.801,
    0.801,
    0.801,
    0.801,
    0.801,
    0.801,
    0.801,
    0.801,
    0.801,
    0.801,
    0.801,
    0.812,
    0.812,
    0.812,
    0.812,
    0.812,
    0.812,
    0.812,
    0.812,
    0.812,
    0.812,
    0.812,
    0.812,
    0.812,
    0.815,
    0.815,
    0.815,
    0.815,
    0.815,
    0.815,
    0.815,
    0.815,
    0.815
  ],
  "mean_fitness": [
    0.5360434782608696,
    0.5543103448275862,
    0.5606,
    0.5664262295081968,
    0.5767746478873239,
    0.5922666666666667,
    0.6006506024096385,
    0.611202380952381,
    0.6213176470588235,
    0.6244886363636364,
    0.6281685393258427,
    0.6342777777777777,
    0.6384666666666666,
    0.6470111111111111,
    0.6520109890109889,
    0.6533548387096774,
    0.6563333333333333,
    0.6583510638297871,
    0.6615212765957446,
    0.6623157894736842,
    0.6636354166666666,
    0.6686562500000001,
    0.6704948453608247,
    0.6706632653061224,
    0.6731836734693877,
    0.6736428571428571,
    0.6750816326530612,
    0.6757551020408163,
    0.6763838383838384,
    0.6773131313131313,
    0.6774242424242424,
    0.6786161616161616,
    0.6788888888888889,
    0.6794040404040403,
    0.6811515151515152,
    0.6835454545454545,
    0.6875555555555556,
    0.6875555555555556,
    0.6887676767676768,
    0.6893838383838383,
    0.6883099999999999,
    0.6885499999999999,
    0.6874158415841582,
    0.6859215686274508,
    0.6869999999999998,
    0.6869999999999998,
    0.6873431372549018,
    0.6874411764705881,
    0.6875686274509804,
    0.6884999999999999
  ]
}