{
  "iteration": [
    0,
    1,
    2,
    3,
    4,
    5,
    6,
    7,
    8,
    9,
    10,
    11,
    12,
    13,
    14,
    15,
    16,
    17,
    18,
    19,
    20,
    21,
    22,
    23,
    24,
    25,
    26,
    27,
    28,
    29,
    30,
    31,
    32,
    33,
    34,
    35,
    36,
    37,
    38,
    39,
    40,
    41,
    42,
    43,
    44,
    45,
    46,
    47,
    48,
    49
  ],
  "coverage": [
    0.0056,
    0.0056,
    0.0072,
    0.0092,
    0.01,
    0.0104,
    0.0104,
    0.0104,
    0.0104,
    0.0104,
    0.0104,
    0.0104,
    0.0104,
    0.0104,
    0.0104,
    0.0108,
    0.0112,
    0.0112,
    0.0112,
    0.0112,
    0.0112,
    0.0112,
    0.0112,
    0.0112,
    0.0112,
    0.0112,
    0.0112,
    0.0112,
    0.0112,
    0.0112,
    0.0112,
    0.0112,
    0.0112,
    0.0112,
    0.0112,
    0.0112,
    0.0112,
    0.0112,
    0.0112,
    0.0112,
    0.0112,
    0.0112,
    0.0112,
    0.0112,
    0.0112,
    0.0112,
    0.0112,
    0.0112,
    0.0112,
    0.0112
  ],
  "qd_score": [
    7.815,
    8.213000000000001,
    11.054000000000002,
    14.406000000000002,
    16.255000000000003,
    17.213,
    17.766000000000002,
    18.002000000000002,
    18.079,
    18.195,
    18.241,
    18.268,
    18.317,
    18.386,
    18.474,
    19.177,
    19.918,
    19.939999999999998,
    19.941999999999997,
    19.968999999999998,
    20.000999999999998,
    20.000999999999998,
    20.014999999999997,
    20.060999999999996,
    20.073999999999998,
    20.086,
    20.086,
    20.092,
    20.110999999999997,
    20.116999999999997,
    20.118999999999996,
    20.118999999999996,
    20.125999999999998,
    20.144999999999996,
    20.160999999999994,
    20.163999999999994,
    20.174999999999994,
    20.174999999999994,
    20.192999999999994,
    20.192999999999994,
    20.238999999999994,
    20.240999999999993,
    20.240999999999993,
    20.253999999999994,
    20.253999999999994,
    20.253999999999994,
    20.254999999999995,
    20.256999999999994,
    20.256999999999994,
    20.257999999999996
  ],
  "best_fitness": [
    0.636,
    0.663,
    0.777,
    0.777,
    0.777,
    0.777,
    0.777,
    0.777,
    0.777,
    0.777,
    0.777,
    0.777,
    0.777,
    0.777,
    0.777,
    0.777,
    0.781,
    0.781,
    0.781,
    0.781,
    0.781,
    0.781,
    0.781,
    0.781,
    0.781,
    0.781,
    0.781,
    0.781,
    0.781,
    0.781,
    0.781,
    0.781,
    0.781,
    0.781,
    0.781,
    0.781,
    0.781,
    0.781,
    0.781,
    0.781,
    0.781,
    0.781,
    0.781,
    0.781,
    0.781,
    0.781,
    0.781,
    0.781,
    0.781,
    0.781
  ],
  "mean_fitness": [
    0.5582142857142858,
    0.5866428571428572,
    0.6141111111111113,
    0.6263478260869566,
    0.6502000000000001,
    0.6620384615384616,
    0.6833076923076924,
    0.6923846153846155,
    0.6953461538461538,
    0.6998076923076924,
    0.7015769230769231,
    0.7026153846153846,
    0.7045,
    0.7071538461538461,
    0.7105384615384616,
    0.7102592592592593,
    0.7113571428571428,
    0.7121428571428571,
    0.7122142857142856,
    0.7131785714285713,
    0.7143214285714284,
    0.7143214285714284,
    0.7148214285714285,
    0.7164642857142856,
    0.7169285714285714,
    0.7173571428571428,
    0.7173571428571428,
    0.7175714285714285,
    0.7182499999999999,
    0.7184642857142857,
    0.7185357142857142,
    0.7185357142857142,
    0.7187857142857143,
    0.7194642857142856,
    0.7200357142857141,
    0.720142857142857,
    0.7205357142857141,
    0.7205357142857141,
    0.7211785714285712,
    0.7211785714285712,
    0.7228214285714284,
    0.7228928571428569,
    0.7228928571428569,
    0.7233571428571427,
    0.7233571428571427,
    0.7233571428571427,
    0.723392857142857,
    0.7234642857142856,
    0.7234642857142856,
    0.7234999999999998
  ]
}