{
  "iteration": [
    0,
    1,
    2,
    3,
    4,
    5,
    6,
    7,
    8,
    9,
    10,
    11,
    12,
    13,
    14,
    15,
    16,
    17,
    18,
    19,
    20,
    21,
    22,
    23,
    24,
    25,
    26,
    27,
    28,
    29,
    30,
    31,
    32,
    33,
    34,
    35,
    36,
    37,
    38,
    39,
    40,
    41,
    42,
    43,
    44,
    45,
    46,
    47,
    48,
    49
  ],
  "coverage": [
    0.0056,
    0.0072,
    0.008,
    0.0084,
    0.0096,
    0.0096,
    0.01,
    0.01,
    0.01,
    0.0104,
    0.0104,
    0.0104,
    0.0104,
    0.0104,
    0.0104,
    0.0104,
    0.0104,
    0.0108,
    0.0108,
    0.0108,
    0.0108,
    0.0108,
    0.0108,
    0.0108,
    0.0108,
    0.0108,
    0.0108,
    0.0108,
    0.0108,
    0.0108,
    0.0108,
    0.0108,
    0.0108,
    0.0108,
    0.0108,
    0.0108,
    0.0108,
    0.0108,
    0.0108,
    0.0108,
    0.0112,
    0.0112,
    0.0112,
    0.0112,
    0.0112,
    0.0112,
    0.0112,
    0.0112,
    0.0112,
    0.0112
  ],
  "qd_score": [
    7.815,
    10.183,
    12.100999999999999,
    13.309,
    15.613,
    15.977,
    16.858,
    17.064,
    17.289,
    18.029,
    18.148,
    18.209,
    18.230999999999998,
    18.334999999999997,
    18.416999999999998,
    18.447999999999997,
    18.458,
    19.057,
    19.058999999999997,
    19.058999999999997,
    19.066,
    19.131999999999998,
    19.159,
    19.159,
    19.185,
    19.188,
    19.349,
    19.367,
    19.373,
    19.373,
    19.376,
    19.376,
    19.376,
    19.376,
    19.396,
    19.396,
    19.397000000000002,
    19.428,
    19.433,
    19.433,
    20.065,
    20.07,
    20.07,
    20.074,
    20.075000000000003,
    20.075000000000003,
    20.075000000000003,
    20.092000000000002,
    20.092000000000002,
    20.092000000000002
  ],
  "best_fitness": [
    0.636,
    0.668,
    0.723,
    0.743,
    0.743,
    0.743,
    0.743,
    0.766,
    0.766,
    0.766,
    0.771,
    0.771,
    0.771,
    0.771,
    0.771,
    0.771,
    0.771,
    0.771,
    0.771,
    0.771,
    0.771,
    0.786,
    0.786,
    0.786,
    0.786,
    0.786,
    0.786,
    0.786,
    0.786,
    0.786,
    0.786,
    0.786,
    0.786,
    0.786,
    0.786,
    0.786,
    0.786,
    0.786,
    0.786,
    0.786,
    0.786,
    0.786,
    0.786,
    0.786,
    0.786,
    0.786,
    0.786,
    0.786,
    0.786,
    0.786
  ],
  "mean_fitness": [
    0.5582142857142858,
    0.5657222222222222,
    0.60505,
    0.6337619047619047,
    0.6505416666666667,
    0.6657083333333333,
    0.67432,
    0.6825600000000001,
    0.6915600000000001,
    0.6934230769230769,
    0.698,
    0.7003461538461538,
    0.7011923076923077,
    0.7051923076923076,
    0.7083461538461537,
    0.7095384615384615,
    0.7099230769230769,
    0.7058148148148148,
    0.7058888888888888,
    0.7058888888888888,
    0.7061481481481481,
    0.7085925925925926,
    0.7095925925925926,
    0.7095925925925926,
    0.7105555555555555,
    0.7106666666666667,
    0.7166296296296296,
    0.7172962962962963,
    0.7175185185185186,
    0.7175185185185186,
    0.7176296296296297,
    0.7176296296296297,
    0.7176296296296297,
    0.7176296296296297,
    0.7183703703703704,
    0.7183703703703704,
    0.7184074074074075,
    0.7195555555555556,
    0.7197407407407407,
    0.7197407407407407,
    0.7166071428571429,
    0.7167857142857142,
    0.7167857142857142,
    0.7169285714285715,
    0.7169642857142858,
    0.7169642857142858,
    0.7169642857142858,
    0.7175714285714286,
    0.7175714285714286,
    0.7175714285714286
  ]
}