{
  "iteration": [
    0,
    1,
    2,
    3,
    4,
    5,
    6,
    7,
    8,
    9,
    10,
    11,
    12,
    13,
    14,
    15,
    16,
    17,
    18,
    19,
    20,
    21,
    22,
    23,
    24,
    25,
    26,
    27,
    28,
    29,
    30,
    31,
    32,
    33,
    34,
    35,
    36,
    37,
    38,
    39,
    40,
    41,
    42,
    43,
    44,
    45,
    46,
    47,
    48,
    49
  ],
  "coverage": [
    0.0092,
    0.014,
    0.0168,
    0.02,
    0.0224,
    0.0244,
    0.0276,
    0.0288,
    0.0316,
    0.032,
    0.032,
    0.032,
    0.0328,
    0.034,
    0.034,
    0.034,
    0.0344,
    0.0344,
    0.0344,
    0.0356,
    0.036,
    0.036,
    0.0364,
    0.0364,
    0.0364,
    0.0368,
    0.0372,
    0.0372,
    0.0372,
    0.0372,
    0.0372,
    0.0376,
    0.0376,
    0.038,
    0.038,
    0.038,
    0.0384,
    0.0388,
    0.0388,
    0.0388,
    0.0388,
    0.0392,
    0.04,
    0.04,
    0.0404,
    0.0404,
    0.0404,
    0.0404,
    0.0408,
    0.0416
  ],
  "qd_score": [
    12.329,
    18.569000000000003,
    23.581000000000003,
    28.885,
    33.458,
    37.54,
    43.68,
    46.306,
    51.233999999999995,
    52.547,
    52.879999999999995,
    52.977,
    54.681999999999995,
    56.958999999999996,
    57.099999999999994,
    57.150999999999996,
    58.047,
    58.117999999999995,
    58.132,
    60.074999999999996,
    60.849999999999994,
    61.050999999999995,
    61.916999999999994,
    61.995,
    62.111999999999995,
    62.77199999999999,
    63.462999999999994,
    63.504999999999995,
    63.57599999999999,
    63.61299999999999,
    63.64799999999999,
    64.33999999999999,
    64.38199999999999,
    64.94999999999999,
    64.94999999999999,
    64.97099999999999,
    65.67199999999998,
    66.27099999999999,
    66.33299999999998,
    66.41399999999999,
    66.43299999999999,
    67.139,
    68.395,
    68.408,
    69.19800000000001,
    69.20800000000001,
    69.24400000000001,
    69.36400000000002,
    70.01700000000002,
    71.30400000000003
  ],
  "best_fitness": [
    0.636,
    0.668,
    0.697,
    0.7,
    0.743,
    0.743,
    0.743,
    0.743,
    0.766,
    0.766,
    0.766,
    0.766,
    0.766,
    0.766,
    0.766,
    0.766,
    0.766,
    0.766,
    0.766,
    0.766,
    0.766,
    0.766,
    0.766,
    0.766,
    0.766,
    0.766,
    0.766,
    0.766,
    0.771,
    0.771,
    0.771,
    0.771,
    0.799,
    0.799,
    0.799,
    0.799,
    0.799,
    0.799,
    0.799,
    0.799,
    0.799,
    0.799,
    0.799,
    0.799,
    0.799,
    0.799,
    0.799,
    0.799,
    0.799,
    0.799
  ],
  "mean_fitness": [
    0.5360434782608696,
    0.5305428571428572,
    0.561452380952381,
    0.5777,
    0.5974642857142857,
    0.6154098360655738,
    0.6330434782608696,
    0.6431388888888888,
    0.6485316455696202,
    0.6568375,
    0.6609999999999999,
    0.6622125,
    0.6668536585365853,
    0.6701058823529411,
    0.6717647058823528,
    0.6723647058823529,
    0.6749651162790697,
    0.6757906976744186,
    0.675953488372093,
    0.6749999999999999,
    0.676111111111111,
    0.6783444444444444,
    0.6804065934065934,
    0.6812637362637363,
    0.6825494505494505,
    0.6823043478260868,
    0.6823978494623655,
    0.6828494623655913,
    0.6836129032258064,
    0.6840107526881719,
    0.6843870967741934,
    0.6844680851063829,
    0.6849148936170212,
    0.6836842105263157,
    0.6836842105263157,
    0.6839052631578946,
    0.6840833333333332,
    0.6832061855670102,
    0.6838453608247421,
    0.6846804123711339,
    0.6848762886597938,
    0.6850918367346939,
    0.68395,
    0.68408,
    0.6851287128712872,
    0.6852277227722774,
    0.6855841584158417,
    0.6867722772277229,
    0.6864411764705884,
    0.685615384615385
  ]
}